stagword,rate_param_id
information,Quality of communication
report,Quality of communication
reports,Quality of communication
record,Quality of communication
records,Quality of communication
document,Quality of communication
documents,Quality of communication
data,Quality of communication
statement,Quality of communication
statements,Quality of communication
detail,Quality of communication
details,Quality of communication
detailed,Quality of communication
deliverable,Quality of communication
deliverables,Quality of communication
receipt,Quality of communication
receipts,Quality of communication
form,Quality of communication
forms,Quality of communication
advice,Quality of communication
advise,Quality of communication
communication,Quality of communication
communicate,Quality of communication
suggestion,Quality of communication
suggestions,Quality of communication
notify,Quality of communication
notification,Quality of communication
explain,Quality of communication
explained,Quality of communication
answered,Quality of communication
clear communication,Quality of communication
clear,Quality of communication
answer,Quality of communication
terms,Quality of communication
respond,Quality of communication
network,Quality of communication
email,Quality of communication
phone,Quality of communication
quality of communication,Quality of communication
mobile,Quality of communication
sms,Quality of communication
internet,Quality of communication
call,Quality of communication
app,Quality of communication
text,Quality of communication
texts,Quality of communication
duplicate,Quality of communication
online,Quality of service
duplicate,Quality of service
atm,Quality of service
invoicing,Quality of service
experience,Quality of service
loyal,Quality of service
spread,Quality of service
switch,Quality of service
firm,Quality of service
company,Quality of service
agency,Quality of service
brand,Quality of service
card,Quality of service
reliable,Quality of service
regular,Quality of service
consistent,Quality of service
call,Quality of service
contact,Quality of service
help line,Quality of service
shop,Quality of service
branch,Quality of service
helpdesk,Quality of service
outlets,Quality of service
home,Quality of service
workshop,Quality of service
event,Quality of service
first time,Quality of service
contract,Quality of service
credit,Quality of service
cash,Quality of service
machine,Quality of service
payment,Quality of service
waiting,Quality of service
wait,Quality of service
treatment,Quality of service
quality of service,Quality of service
service,Quality of service
services,Quality of service
impressed,Value for money
product,Value for money
spares,Value for money
parts,Value for money
investment,Value for money
equipment,Value for money
replacement,Value for money
stock,Value for money
accessories,Value for money
rate,Value for money
cost,Value for money
offer,Value for money
bonus,Value for money
incentives,Value for money
premium,Value for money
loan,Value for money
package,Value for money
returns,Value for money
benifits,Value for money
value,Value for money
roi,Value for money
growth,Value for money
scheme,Value for money
cost,Value for money
gift,Value for money
complementary,Value for money
reward,Value for money
discount,Value for money
promotion,Value for money
promotional,Value for money
loyalty points,Value for money
deal,Value for money
sale,Value for money
policy,Value for money
food,Value for money
signal,Value for money
goods,Value for money
expensive,Value for money
costly,Value for money
charges,Value for money
value for money,Value for money
price,Value for money
prices,Quality of staff
pricing,Quality of staff
staff,Quality of staff
team,Quality of staff
technician,Quality of staff
guy,Quality of staff
workers,Quality of staff
person,Quality of staff
agent,Quality of staff
customer care,Quality of staff
queue,Quality of staff
mechanic,Quality of staff
people,Quality of staff
apologise,Quality of staff
professional,Quality of staff
reception,Quality of staff
understand,Quality of staff
understanding,Quality of staff
quality of staff,Quality of staff
quality of product,Quality of product
product,Quality of product
